vendor,bill_date,due_date,amount_due,categories,paymentStatus,attachment
Northeastern University,2020-01-06,2020-01-12,7000,"college, tuition, spring2020",paid,
Northeastern University,2020-01-07,2020-01-13,7001,"college, tuition, spring2021",paid,
Northeastern University,2020-01-08,2020-01-14,7002,"college, tuition, spring2022",paid,
Northeastern University,2020-01-09,2020-01-15,7003,"college, tuition, spring2023",paid,
Northeastern University,2020-01-10,2020-01-16,7004,"college, tuition, spring2024",paid,
Northeastern University,2020-01-11,2020-01-17,7005,"college, tuition, spring2025",paid,
Northeastern University,2020-01-12,2020-01-18,7006,"college, tuition, spring2026",paid,
Northeastern University,2020-01-13,2020-01-19,7007,"college, tuition, spring2027",paid,
Northeastern University,2020-01-14,2020-01-20,7008,"college, tuition, spring2028",paid,
Northeastern University,2020-01-15,2020-01-21,7009,"college, tuition, spring2029",paid,
Northeastern University,2020-01-16,2020-01-22,7010,"college, tuition, spring2030",paid,
Northeastern University,2020-01-17,2020-01-23,7011,"college, tuition, spring2031",paid,
Northeastern University,2020-01-18,2020-01-24,7012,"college, tuition, spring2032",paid,
Northeastern University,2020-01-19,2020-01-25,7013,"college, tuition, spring2033",paid,
Northeastern University,2020-01-20,2020-01-26,7014,"college, tuition, spring2034",paid,
Northeastern University,2020-01-21,2020-01-27,7015,"college, tuition, spring2035",paid,
Northeastern University,2020-01-22,2020-01-28,7016,"college, tuition, spring2036",paid,
Northeastern University,2020-01-23,2020-01-29,7017,"college, tuition, spring2037",paid,
Northeastern University,2020-01-24,2020-01-30,7018,"college, tuition, spring2038",paid,
Northeastern University,2020-01-25,2020-01-31,7019,"college, tuition, spring2039",paid,
Northeastern University,2020-01-26,2020-02-01,7020,"college, tuition, spring2040",paid,
Northeastern University,2020-01-27,2020-02-02,7021,"college, tuition, spring2041",paid,
Northeastern University,2020-01-28,2020-02-03,7022,"college, tuition, spring2042",paid,
Northeastern University,2020-01-29,2020-02-04,7023,"college, tuition, spring2043",paid,
Northeastern University,2020-01-30,2020-02-05,7024,"college, tuition, spring2044",paid,
Northeastern University,2020-01-31,2020-02-06,7025,"college, tuition, spring2045",paid,
Northeastern University,2020-02-01,2020-02-07,7026,"college, tuition, spring2046",paid,
Northeastern University,2020-02-02,2020-02-08,7027,"college, tuition, spring2047",paid,
Northeastern University,2020-02-03,2020-02-09,7028,"college, tuition, spring2048",paid,
Northeastern University,2020-02-04,2020-02-10,7029,"college, tuition, spring2049",paid,
Northeastern University,2020-02-05,2020-02-11,7030,"college, tuition, spring2050",paid,
Northeastern University,2020-02-06,2020-02-12,7031,"college, tuition, spring2051",paid,
Northeastern University,2020-02-07,2020-02-13,7032,"college, tuition, spring2052",paid,
Northeastern University,2020-02-08,2020-02-14,7033,"college, tuition, spring2053",paid,
Northeastern University,2020-02-09,2020-02-15,7034,"college, tuition, spring2054",paid,
Northeastern University,2020-02-10,2020-02-16,7035,"college, tuition, spring2055",paid,
Northeastern University,2020-02-11,2020-02-17,7036,"college, tuition, spring2056",paid,
Northeastern University,2020-02-12,2020-02-18,7037,"college, tuition, spring2057",paid,
Northeastern University,2020-02-13,2020-02-19,7038,"college, tuition, spring2058",paid,
Northeastern University,2020-02-14,2020-02-20,7039,"college, tuition, spring2059",paid,
Northeastern University,2020-02-15,2020-02-21,7040,"college, tuition, spring2060",paid,
Northeastern University,2020-02-16,2020-02-22,7041,"college, tuition, spring2061",paid,
Northeastern University,2020-02-17,2020-02-23,7042,"college, tuition, spring2062",paid,
Northeastern University,2020-02-18,2020-02-24,7043,"college, tuition, spring2063",paid,
Northeastern University,2020-02-19,2020-02-25,7044,"college, tuition, spring2064",paid,
Northeastern University,2020-02-20,2020-02-26,7045,"college, tuition, spring2065",paid,
Northeastern University,2020-02-21,2020-02-27,7046,"college, tuition, spring2066",paid,
Northeastern University,2020-02-22,2020-02-28,7047,"college, tuition, spring2067",paid,
Northeastern University,2020-02-23,2020-02-29,7048,"college, tuition, spring2068",paid,
Northeastern University,2020-02-24,2020-03-01,7049,"college, tuition, spring2069",paid,
Northeastern University,2020-02-25,2020-03-02,7050,"college, tuition, spring2070",paid,
Northeastern University,2020-02-26,2020-03-03,7051,"college, tuition, spring2071",paid,
Northeastern University,2020-02-27,2020-03-04,7052,"college, tuition, spring2072",paid,
Northeastern University,2020-02-28,2020-03-05,7053,"college, tuition, spring2073",paid,
Northeastern University,2020-02-29,2020-03-06,7054,"college, tuition, spring2074",paid,
Northeastern University,2020-03-01,2020-03-07,7055,"college, tuition, spring2075",paid,
Northeastern University,2020-03-02,2020-03-08,7056,"college, tuition, spring2076",paid,
Northeastern University,2020-03-03,2020-03-09,7057,"college, tuition, spring2077",paid,
Northeastern University,2020-03-04,2020-03-10,7058,"college, tuition, spring2078",paid,
Northeastern University,2020-03-05,2020-03-11,7059,"college, tuition, spring2079",paid,
Northeastern University,2020-03-06,2020-03-12,7060,"college, tuition, spring2080",paid,
Northeastern University,2020-03-07,2020-03-13,7061,"college, tuition, spring2081",paid,
Northeastern University,2020-03-08,2020-03-14,7062,"college, tuition, spring2082",paid,
Northeastern University,2020-03-09,2020-03-15,7063,"college, tuition, spring2083",paid,
Northeastern University,2020-03-10,2020-03-16,7064,"college, tuition, spring2084",paid,
Northeastern University,2020-03-11,2020-03-17,7065,"college, tuition, spring2085",paid,
Northeastern University,2020-03-12,2020-03-18,7066,"college, tuition, spring2086",paid,
Northeastern University,2020-03-13,2020-03-19,7067,"college, tuition, spring2087",paid,
Northeastern University,2020-03-14,2020-03-20,7068,"college, tuition, spring2088",paid,
Northeastern University,2020-03-15,2020-03-21,7069,"college, tuition, spring2089",paid,
Northeastern University,2020-03-16,2020-03-22,7070,"college, tuition, spring2090",paid,
Northeastern University,2020-03-17,2020-03-23,7071,"college, tuition, spring2091",paid,
Northeastern University,2020-03-18,2020-03-24,7072,"college, tuition, spring2092",paid,
Northeastern University,2020-03-19,2020-03-25,7073,"college, tuition, spring2093",paid,
Northeastern University,2020-03-20,2020-03-26,7074,"college, tuition, spring2094",paid,
Northeastern University,2020-03-21,2020-03-27,7075,"college, tuition, spring2095",paid,
Northeastern University,2020-03-22,2020-03-28,7076,"college, tuition, spring2096",paid,
Northeastern University,2020-03-23,2020-03-29,7077,"college, tuition, spring2097",paid,
Northeastern University,2020-03-24,2020-03-30,7078,"college, tuition, spring2098",paid,
Northeastern University,2020-03-25,2020-03-31,7079,"college, tuition, spring2099",paid,
Northeastern University,2020-03-26,2020-04-01,7080,"college, tuition, spring2100",paid,
Northeastern University,2020-03-27,2020-04-02,7081,"college, tuition, spring2101",paid,
Northeastern University,2020-03-28,2020-04-03,7082,"college, tuition, spring2102",paid,
Northeastern University,2020-03-29,2020-04-04,7083,"college, tuition, spring2103",paid,
Northeastern University,2020-03-30,2020-04-05,7084,"college, tuition, spring2104",paid,
Northeastern University,2020-03-31,2020-04-06,7085,"college, tuition, spring2105",paid,
Northeastern University,2020-04-01,2020-04-07,7086,"college, tuition, spring2106",paid,
Northeastern University,2020-04-02,2020-04-08,7087,"college, tuition, spring2107",paid,
Northeastern University,2020-04-03,2020-04-09,7088,"college, tuition, spring2108",paid,
Northeastern University,2020-04-04,2020-04-10,7089,"college, tuition, spring2109",paid,
Northeastern University,2020-04-05,2020-04-11,7090,"college, tuition, spring2110",paid,
Northeastern University,2020-04-06,2020-04-12,7091,"college, tuition, spring2111",paid,
Northeastern University,2020-04-07,2020-04-13,7092,"college, tuition, spring2112",paid,
Northeastern University,2020-04-08,2020-04-14,7093,"college, tuition, spring2113",paid,
Northeastern University,2020-04-09,2020-04-15,7094,"college, tuition, spring2114",paid,
Northeastern University,2020-04-10,2020-04-16,7095,"college, tuition, spring2115",paid,
Northeastern University,2020-04-11,2020-04-17,7096,"college, tuition, spring2116",paid,
Northeastern University,2020-04-12,2020-04-18,7097,"college, tuition, spring2117",paid,
Northeastern University,2020-04-13,2020-04-19,7098,"college, tuition, spring2118",paid,
Northeastern University,2020-04-14,2020-04-20,7099,"college, tuition, spring2119",paid,
Northeastern University,2020-04-15,2020-04-21,7100,"college, tuition, spring2120",paid,
Northeastern University,2020-04-16,2020-04-22,7101,"college, tuition, spring2121",paid,
Northeastern University,2020-04-17,2020-04-23,7102,"college, tuition, spring2122",paid,
Northeastern University,2020-04-18,2020-04-24,7103,"college, tuition, spring2123",paid,
Northeastern University,2020-04-19,2020-04-25,7104,"college, tuition, spring2124",paid,
Northeastern University,2020-04-20,2020-04-26,7105,"college, tuition, spring2125",paid,
Northeastern University,2020-04-21,2020-04-27,7106,"college, tuition, spring2126",paid,
Northeastern University,2020-04-22,2020-04-28,7107,"college, tuition, spring2127",paid,
Northeastern University,2020-04-23,2020-04-29,7108,"college, tuition, spring2128",paid,
Northeastern University,2020-04-24,2020-04-30,7109,"college, tuition, spring2129",paid,
Northeastern University,2020-04-25,2020-05-01,7110,"college, tuition, spring2130",paid,
Northeastern University,2020-04-26,2020-05-02,7111,"college, tuition, spring2131",paid,
Northeastern University,2020-04-27,2020-05-03,7112,"college, tuition, spring2132",paid,
Northeastern University,2020-04-28,2020-05-04,7113,"college, tuition, spring2133",paid,
Northeastern University,2020-04-29,2020-05-05,7114,"college, tuition, spring2134",paid,
Northeastern University,2020-04-30,2020-05-06,7115,"college, tuition, spring2135",paid,
Northeastern University,2020-05-01,2020-05-07,7116,"college, tuition, spring2136",paid,
Northeastern University,2020-05-02,2020-05-08,7117,"college, tuition, spring2137",paid,
Northeastern University,2020-05-03,2020-05-09,7118,"college, tuition, spring2138",paid,
Northeastern University,2020-05-04,2020-05-10,7119,"college, tuition, spring2139",paid,
Northeastern University,2020-05-05,2020-05-11,7120,"college, tuition, spring2140",paid,
Northeastern University,2020-05-06,2020-05-12,7121,"college, tuition, spring2141",paid,
Northeastern University,2020-05-07,2020-05-13,7122,"college, tuition, spring2142",paid,
Northeastern University,2020-05-08,2020-05-14,7123,"college, tuition, spring2143",paid,
Northeastern University,2020-05-09,2020-05-15,7124,"college, tuition, spring2144",paid,
Northeastern University,2020-05-10,2020-05-16,7125,"college, tuition, spring2145",paid,
Northeastern University,2020-05-11,2020-05-17,7126,"college, tuition, spring2146",paid,
Northeastern University,2020-05-12,2020-05-18,7127,"college, tuition, spring2147",paid,
Northeastern University,2020-05-13,2020-05-19,7128,"college, tuition, spring2148",paid,
Northeastern University,2020-05-14,2020-05-20,7129,"college, tuition, spring2149",paid,
Northeastern University,2020-05-15,2020-05-21,7130,"college, tuition, spring2150",paid,
Northeastern University,2020-05-16,2020-05-22,7131,"college, tuition, spring2151",paid,
Northeastern University,2020-05-17,2020-05-23,7132,"college, tuition, spring2152",paid,
Northeastern University,2020-05-18,2020-05-24,7133,"college, tuition, spring2153",paid,
Northeastern University,2020-05-19,2020-05-25,7134,"college, tuition, spring2154",paid,
Northeastern University,2020-05-20,2020-05-26,7135,"college, tuition, spring2155",paid,
Northeastern University,2020-05-21,2020-05-27,7136,"college, tuition, spring2156",paid,
Northeastern University,2020-05-22,2020-05-28,7137,"college, tuition, spring2157",paid,
Northeastern University,2020-05-23,2020-05-29,7138,"college, tuition, spring2158",paid,
Northeastern University,2020-05-24,2020-05-30,7139,"college, tuition, spring2159",paid,
Northeastern University,2020-05-25,2020-05-31,7140,"college, tuition, spring2160",paid,
Northeastern University,2020-05-26,2020-06-01,7141,"college, tuition, spring2161",paid,
Northeastern University,2020-05-27,2020-06-02,7142,"college, tuition, spring2162",paid,
Northeastern University,2020-05-28,2020-06-03,7143,"college, tuition, spring2163",paid,
Northeastern University,2020-05-29,2020-06-04,7144,"college, tuition, spring2164",paid,
Northeastern University,2020-05-30,2020-06-05,7145,"college, tuition, spring2165",paid,
Northeastern University,2020-05-31,2020-06-06,7146,"college, tuition, spring2166",paid,
Northeastern University,2020-06-01,2020-06-07,7147,"college, tuition, spring2167",paid,
Northeastern University,2020-06-02,2020-06-08,7148,"college, tuition, spring2168",paid,
Northeastern University,2020-06-03,2020-06-09,7149,"college, tuition, spring2169",due,
Northeastern University,2020-06-04,2020-06-10,7150,"college, tuition, spring2170",due,
Northeastern University,2020-06-05,2020-06-11,7151,"college, tuition, spring2171",due,
Northeastern University,2020-06-06,2020-06-12,7152,"college, tuition, spring2172",due,
Northeastern University,2020-06-07,2020-06-13,7153,"college, tuition, spring2173",due,
Northeastern University,2020-06-08,2020-06-14,7154,"college, tuition, spring2174",due,
Northeastern University,2020-06-09,2020-06-15,7155,"college, tuition, spring2175",due,
Northeastern University,2020-06-10,2020-06-16,7156,"college, tuition, spring2176",due,
Northeastern University,2020-06-11,2020-06-17,7157,"college, tuition, spring2177",due,
Northeastern University,2020-06-12,2020-06-18,7158,"college, tuition, spring2178",due,
Northeastern University,2020-06-13,2020-06-19,7159,"college, tuition, spring2179",due,
Northeastern University,2020-06-14,2020-06-20,7160,"college, tuition, spring2180",due,
Northeastern University,2020-06-15,2020-06-21,7161,"college, tuition, spring2181",due,
Northeastern University,2020-06-16,2020-06-22,7162,"college, tuition, spring2182",due,
Northeastern University,2020-06-17,2020-06-23,7163,"college, tuition, spring2183",due,
Northeastern University,2020-06-18,2020-06-24,7164,"college, tuition, spring2184",due,
Northeastern University,2020-06-19,2020-06-25,7165,"college, tuition, spring2185",due,
Northeastern University,2020-06-20,2020-06-26,7166,"college, tuition, spring2186",due,
Northeastern University,2020-06-21,2020-06-27,7167,"college, tuition, spring2187",due,
Northeastern University,2020-06-22,2020-06-28,7168,"college, tuition, spring2188",due,
Northeastern University,2020-06-23,2020-06-29,7169,"college, tuition, spring2189",due,
Northeastern University,2020-06-24,2020-06-30,7170,"college, tuition, spring2190",due,
Northeastern University,2020-06-25,2020-07-01,7171,"college, tuition, spring2191",due,
Northeastern University,2020-06-26,2020-07-02,7172,"college, tuition, spring2192",due,
Northeastern University,2020-06-27,2020-07-03,7173,"college, tuition, spring2193",due,
Northeastern University,2020-06-28,2020-07-04,7174,"college, tuition, spring2194",due,
Northeastern University,2020-06-29,2020-07-05,7175,"college, tuition, spring2195",due,
Northeastern University,2020-06-30,2020-07-06,7176,"college, tuition, spring2196",due,
Northeastern University,2020-07-01,2020-07-07,7177,"college, tuition, spring2197",due,
Northeastern University,2020-07-02,2020-07-08,7178,"college, tuition, spring2198",due,
Northeastern University,2020-07-03,2020-07-09,7179,"college, tuition, spring2199",due,
Northeastern University,2020-07-04,2020-07-10,7180,"college, tuition, spring2200",due,
Northeastern University,2020-07-05,2020-07-11,7181,"college, tuition, spring2201",due,
Northeastern University,2020-07-06,2020-07-12,7182,"college, tuition, spring2202",due,
Northeastern University,2020-07-07,2020-07-13,7183,"college, tuition, spring2203",due,
Northeastern University,2020-07-08,2020-07-14,7184,"college, tuition, spring2204",due,
Northeastern University,2020-07-09,2020-07-15,7185,"college, tuition, spring2205",due,
Northeastern University,2020-07-10,2020-07-16,7186,"college, tuition, spring2206",due,
Northeastern University,2020-07-11,2020-07-17,7187,"college, tuition, spring2207",due,
Northeastern University,2020-07-12,2020-07-18,7188,"college, tuition, spring2208",due,
Northeastern University,2020-07-13,2020-07-19,7189,"college, tuition, spring2209",due,
Northeastern University,2020-07-14,2020-07-20,7190,"college, tuition, spring2210",due,
Northeastern University,2020-07-15,2020-07-21,7191,"college, tuition, spring2211",due,
Northeastern University,2020-07-16,2020-07-22,7192,"college, tuition, spring2212",due,
Northeastern University,2020-07-17,2020-07-23,7193,"college, tuition, spring2213",due,
Northeastern University,2020-07-18,2020-07-24,7194,"college, tuition, spring2214",due,
Northeastern University,2020-07-19,2020-07-25,7195,"college, tuition, spring2215",due,
Northeastern University,2020-07-20,2020-07-26,7196,"college, tuition, spring2216",due,
Northeastern University,2020-07-21,2020-07-27,7197,"college, tuition, spring2217",due,
Northeastern University,2020-07-22,2020-07-28,7198,"college, tuition, spring2218",due,
Northeastern University,2020-07-23,2020-07-29,7199,"college, tuition, spring2219",due,
Northeastern University,2020-07-24,2020-07-30,7200,"college, tuition, spring2220",due,
Northeastern University,2020-07-25,2020-07-31,7201,"college, tuition, spring2221",due,
Northeastern University,2020-07-26,2020-08-01,7202,"college, tuition, spring2222",due,
Northeastern University,2020-07-27,2020-08-02,7203,"college, tuition, spring2223",due,
Northeastern University,2020-07-28,2020-08-03,7204,"college, tuition, spring2224",due,
Northeastern University,2020-07-29,2020-08-04,7205,"college, tuition, spring2225",due,
Northeastern University,2020-07-30,2020-08-05,7206,"college, tuition, spring2226",due,
Northeastern University,2020-07-31,2020-08-06,7207,"college, tuition, spring2227",due,
Northeastern University,2020-08-01,2020-08-07,7208,"college, tuition, spring2228",due,
Northeastern University,2020-08-02,2020-08-08,7209,"college, tuition, spring2229",due,
Northeastern University,2020-08-03,2020-08-09,7210,"college, tuition, spring2230",due,
Northeastern University,2020-08-04,2020-08-10,7211,"college, tuition, spring2231",due,
Northeastern University,2020-08-05,2020-08-11,7212,"college, tuition, spring2232",due,
Northeastern University,2020-08-06,2020-08-12,7213,"college, tuition, spring2233",due,
Northeastern University,2020-08-07,2020-08-13,7214,"college, tuition, spring2234",due,
Northeastern University,2020-08-08,2020-08-14,7215,"college, tuition, spring2235",due,
Northeastern University,2020-08-09,2020-08-15,7216,"college, tuition, spring2236",due,
Northeastern University,2020-08-10,2020-08-16,7217,"college, tuition, spring2237",due,
Northeastern University,2020-08-11,2020-08-17,7218,"college, tuition, spring2238",due,
Northeastern University,2020-08-12,2020-08-18,7219,"college, tuition, spring2239",due,
Northeastern University,2020-08-13,2020-08-19,7220,"college, tuition, spring2240",due,
Northeastern University,2020-08-14,2020-08-20,7221,"college, tuition, spring2241",due,
Northeastern University,2020-08-15,2020-08-21,7222,"college, tuition, spring2242",due,
Northeastern University,2020-08-16,2020-08-22,7223,"college, tuition, spring2243",due,
Northeastern University,2020-08-17,2020-08-23,7224,"college, tuition, spring2244",due,
Northeastern University,2020-08-18,2020-08-24,7225,"college, tuition, spring2245",due,
Northeastern University,2020-08-19,2020-08-25,7226,"college, tuition, spring2246",due,
Northeastern University,2020-08-20,2020-08-26,7227,"college, tuition, spring2247",due,
Northeastern University,2020-08-21,2020-08-27,7228,"college, tuition, spring2248",due,
Northeastern University,2020-08-22,2020-08-28,7229,"college, tuition, spring2249",due,
Northeastern University,2020-08-23,2020-08-29,7230,"college, tuition, spring2250",due,
Northeastern University,2020-08-24,2020-08-30,7231,"college, tuition, spring2251",due,
Northeastern University,2020-08-25,2020-08-31,7232,"college, tuition, spring2252",due,
Northeastern University,2020-08-26,2020-09-01,7233,"college, tuition, spring2253",due,
Northeastern University,2020-08-27,2020-09-02,7234,"college, tuition, spring2254",due,
Northeastern University,2020-08-28,2020-09-03,7235,"college, tuition, spring2255",due,
Northeastern University,2020-08-29,2020-09-04,7236,"college, tuition, spring2256",due,
Northeastern University,2020-08-30,2020-09-05,7237,"college, tuition, spring2257",due,
Northeastern University,2020-08-31,2020-09-06,7238,"college, tuition, spring2258",due,
Northeastern University,2020-09-01,2020-09-07,7239,"college, tuition, spring2259",due,
Northeastern University,2020-09-02,2020-09-08,7240,"college, tuition, spring2260",due,
Northeastern University,2020-09-03,2020-09-09,7241,"college, tuition, spring2261",due,
Northeastern University,2020-09-04,2020-09-10,7242,"college, tuition, spring2262",due,
Northeastern University,2020-09-05,2020-09-11,7243,"college, tuition, spring2263",due,
Northeastern University,2020-09-06,2020-09-12,7244,"college, tuition, spring2264",due,
Northeastern University,2020-09-07,2020-09-13,7245,"college, tuition, spring2265",due,
Northeastern University,2020-09-08,2020-09-14,7246,"college, tuition, spring2266",due,
Northeastern University,2020-09-09,2020-09-15,7247,"college, tuition, spring2267",due,
Northeastern University,2020-09-10,2020-09-16,7248,"college, tuition, spring2268",due,
Northeastern University,2020-09-11,2020-09-17,7249,"college, tuition, spring2269",due,
Northeastern University,2020-09-12,2020-09-18,7250,"college, tuition, spring2270",due,
Northeastern University,2020-09-13,2020-09-19,7251,"college, tuition, spring2271",due,
Northeastern University,2020-09-14,2020-09-20,7252,"college, tuition, spring2272",due,
Northeastern University,2020-09-15,2020-09-21,7253,"college, tuition, spring2273",due,
Northeastern University,2020-09-16,2020-09-22,7254,"college, tuition, spring2274",due,
Northeastern University,2020-09-17,2020-09-23,7255,"college, tuition, spring2275",due,
Northeastern University,2020-09-18,2020-09-24,7256,"college, tuition, spring2276",due,
Northeastern University,2020-09-19,2020-09-25,7257,"college, tuition, spring2277",due,
Northeastern University,2020-09-20,2020-09-26,7258,"college, tuition, spring2278",due,
Northeastern University,2020-09-21,2020-09-27,7259,"college, tuition, spring2279",due,
Northeastern University,2020-09-22,2020-09-28,7260,"college, tuition, spring2280",due,
Northeastern University,2020-09-23,2020-09-29,7261,"college, tuition, spring2281",due,
Northeastern University,2020-09-24,2020-09-30,7262,"college, tuition, spring2282",due,
Northeastern University,2020-09-25,2020-10-01,7263,"college, tuition, spring2283",due,
Northeastern University,2020-09-26,2020-10-02,7264,"college, tuition, spring2284",due,
Northeastern University,2020-09-27,2020-10-03,7265,"college, tuition, spring2285",due,
Northeastern University,2020-09-28,2020-10-04,7266,"college, tuition, spring2286",due,
Northeastern University,2020-09-29,2020-10-05,7267,"college, tuition, spring2287",due,
Northeastern University,2020-09-30,2020-10-06,7268,"college, tuition, spring2288",due,
Northeastern University,2020-10-01,2020-10-07,7269,"college, tuition, spring2289",due,
Northeastern University,2020-10-02,2020-10-08,7270,"college, tuition, spring2290",due,
Northeastern University,2020-10-03,2020-10-09,7271,"college, tuition, spring2291",due,
Northeastern University,2020-10-04,2020-10-10,7272,"college, tuition, spring2292",due,
Northeastern University,2020-10-05,2020-10-11,7273,"college, tuition, spring2293",due,
Northeastern University,2020-10-06,2020-10-12,7274,"college, tuition, spring2294",due,
Northeastern University,2020-10-07,2020-10-13,7275,"college, tuition, spring2295",due,
Northeastern University,2020-10-08,2020-10-14,7276,"college, tuition, spring2296",due,
Northeastern University,2020-10-09,2020-10-15,7277,"college, tuition, spring2297",due,
Northeastern University,2020-10-10,2020-10-16,7278,"college, tuition, spring2298",due,
Northeastern University,2020-10-11,2020-10-17,7279,"college, tuition, spring2299",due,
Northeastern University,2020-10-12,2020-10-18,7280,"college, tuition, spring2300",due,
Northeastern University,2020-10-13,2020-10-19,7281,"college, tuition, spring2301",due,
Northeastern University,2020-10-14,2020-10-20,7282,"college, tuition, spring2302",due,
Northeastern University,2020-10-15,2020-10-21,7283,"college, tuition, spring2303",due,
Northeastern University,2020-10-16,2020-10-22,7284,"college, tuition, spring2304",due,
Northeastern University,2020-10-17,2020-10-23,7285,"college, tuition, spring2305",due,
Northeastern University,2020-10-18,2020-10-24,7286,"college, tuition, spring2306",due,
Northeastern University,2020-10-19,2020-10-25,7287,"college, tuition, spring2307",due,
Northeastern University,2020-10-20,2020-10-26,7288,"college, tuition, spring2308",due,
Northeastern University,2020-10-21,2020-10-27,7289,"college, tuition, spring2309",due,
Northeastern University,2020-10-22,2020-10-28,7290,"college, tuition, spring2310",due,
Northeastern University,2020-10-23,2020-10-29,7291,"college, tuition, spring2311",due,
Northeastern University,2020-10-24,2020-10-30,7292,"college, tuition, spring2312",due,
Northeastern University,2020-10-25,2020-10-31,7293,"college, tuition, spring2313",due,
Northeastern University,2020-10-26,2020-11-01,7294,"college, tuition, spring2314",due,
Northeastern University,2020-10-27,2020-11-02,7295,"college, tuition, spring2315",due,
Northeastern University,2020-10-28,2020-11-03,7296,"college, tuition, spring2316",due,
Northeastern University,2020-10-29,2020-11-04,7297,"college, tuition, spring2317",due,
Northeastern University,2020-10-30,2020-11-05,7298,"college, tuition, spring2318",due,
Northeastern University,2020-10-31,2020-11-06,7299,"college, tuition, spring2319",due,
Northeastern University,2020-11-01,2020-11-07,7300,"college, tuition, spring2320",due,
Northeastern University,2020-11-02,2020-11-08,7301,"college, tuition, spring2321",due,
Northeastern University,2020-11-03,2020-11-09,7302,"college, tuition, spring2322",due,
Northeastern University,2020-11-04,2020-11-10,7303,"college, tuition, spring2323",due,
Northeastern University,2020-11-05,2020-11-11,7304,"college, tuition, spring2324",due,
Northeastern University,2020-11-06,2020-11-12,7305,"college, tuition, spring2325",due,
Northeastern University,2020-11-07,2020-11-13,7306,"college, tuition, spring2326",due,
Northeastern University,2020-11-08,2020-11-14,7307,"college, tuition, spring2327",due,
Northeastern University,2020-11-09,2020-11-15,7308,"college, tuition, spring2328",due,
Northeastern University,2020-11-10,2020-11-16,7309,"college, tuition, spring2329",due,
Northeastern University,2020-11-11,2020-11-17,7310,"college, tuition, spring2330",due,
Northeastern University,2020-11-12,2020-11-18,7311,"college, tuition, spring2331",due,
Northeastern University,2020-11-13,2020-11-19,7312,"college, tuition, spring2332",due,
Northeastern University,2020-11-14,2020-11-20,7313,"college, tuition, spring2333",due,
Northeastern University,2020-11-15,2020-11-21,7314,"college, tuition, spring2334",due,
Northeastern University,2020-11-16,2020-11-22,7315,"college, tuition, spring2335",past_due,
Northeastern University,2020-11-17,2020-11-23,7316,"college, tuition, spring2336",past_due,
Northeastern University,2020-11-18,2020-11-24,7317,"college, tuition, spring2337",past_due,
Northeastern University,2020-11-19,2020-11-25,7318,"college, tuition, spring2338",past_due,
Northeastern University,2020-11-20,2020-11-26,7319,"college, tuition, spring2339",past_due,
Northeastern University,2020-11-21,2020-11-27,7320,"college, tuition, spring2340",past_due,
Northeastern University,2020-11-22,2020-11-28,7321,"college, tuition, spring2341",past_due,
Northeastern University,2020-11-23,2020-11-29,7322,"college, tuition, spring2342",past_due,
Northeastern University,2020-11-24,2020-11-30,7323,"college, tuition, spring2343",past_due,
Northeastern University,2020-11-25,2020-12-01,7324,"college, tuition, spring2344",past_due,
Northeastern University,2020-11-26,2020-12-02,7325,"college, tuition, spring2345",past_due,
Northeastern University,2020-11-27,2020-12-03,7326,"college, tuition, spring2346",past_due,
Northeastern University,2020-11-28,2020-12-04,7327,"college, tuition, spring2347",past_due,
Northeastern University,2020-11-29,2020-12-05,7328,"college, tuition, spring2348",past_due,
Northeastern University,2020-11-30,2020-12-06,7329,"college, tuition, spring2349",past_due,
Northeastern University,2020-12-01,2020-12-07,7330,"college, tuition, spring2350",past_due,
Northeastern University,2020-12-02,2020-12-08,7331,"college, tuition, spring2351",past_due,
Northeastern University,2020-12-03,2020-12-09,7332,"college, tuition, spring2352",past_due,
Northeastern University,2020-12-04,2020-12-10,7333,"college, tuition, spring2353",past_due,
Northeastern University,2020-12-05,2020-12-11,7334,"college, tuition, spring2354",past_due,
Northeastern University,2020-12-06,2020-12-12,7335,"college, tuition, spring2355",past_due,
Northeastern University,2020-12-07,2020-12-13,7336,"college, tuition, spring2356",past_due,
Northeastern University,2020-12-08,2020-12-14,7337,"college, tuition, spring2357",past_due,
Northeastern University,2020-12-09,2020-12-15,7338,"college, tuition, spring2358",past_due,
Northeastern University,2020-12-10,2020-12-16,7339,"college, tuition, spring2359",past_due,
Northeastern University,2020-12-11,2020-12-17,7340,"college, tuition, spring2360",past_due,
Northeastern University,2020-12-12,2020-12-18,7341,"college, tuition, spring2361",past_due,
Northeastern University,2020-12-13,2020-12-19,7342,"college, tuition, spring2362",past_due,
Northeastern University,2020-12-14,2020-12-20,7343,"college, tuition, spring2363",past_due,
Northeastern University,2020-12-15,2020-12-21,7344,"college, tuition, spring2364",past_due,
Northeastern University,2020-12-16,2020-12-22,7345,"college, tuition, spring2365",past_due,
Northeastern University,2020-12-17,2020-12-23,7346,"college, tuition, spring2366",past_due,
Northeastern University,2020-12-18,2020-12-24,7347,"college, tuition, spring2367",past_due,
Northeastern University,2020-12-19,2020-12-25,7348,"college, tuition, spring2368",past_due,
Northeastern University,2020-12-20,2020-12-26,7349,"college, tuition, spring2369",past_due,
Northeastern University,2020-12-21,2020-12-27,7350,"college, tuition, spring2370",past_due,
Northeastern University,2020-12-22,2020-12-28,7351,"college, tuition, spring2371",past_due,
Northeastern University,2020-12-23,2020-12-29,7352,"college, tuition, spring2372",past_due,
Northeastern University,2020-12-24,2020-12-30,7353,"college, tuition, spring2373",past_due,
Northeastern University,2020-12-25,2020-12-31,7354,"college, tuition, spring2374",past_due,
Northeastern University,2020-12-26,2021-01-01,7355,"college, tuition, spring2375",past_due,
Northeastern University,2020-12-27,2021-01-02,7356,"college, tuition, spring2376",past_due,
Northeastern University,2020-12-28,2021-01-03,7357,"college, tuition, spring2377",past_due,
Northeastern University,2020-12-29,2021-01-04,7358,"college, tuition, spring2378",past_due,
Northeastern University,2020-12-30,2021-01-05,7359,"college, tuition, spring2379",past_due,
Northeastern University,2020-12-31,2021-01-06,7360,"college, tuition, spring2380",past_due,
Northeastern University,2021-01-01,2021-01-07,7361,"college, tuition, spring2381",past_due,
Northeastern University,2021-01-02,2021-01-08,7362,"college, tuition, spring2382",past_due,
Northeastern University,2021-01-03,2021-01-09,7363,"college, tuition, spring2383",past_due,
Northeastern University,2021-01-04,2021-01-10,7364,"college, tuition, spring2384",past_due,
Northeastern University,2021-01-05,2021-01-11,7365,"college, tuition, spring2385",past_due,
Northeastern University,2021-01-06,2021-01-12,7366,"college, tuition, spring2386",past_due,
Northeastern University,2021-01-07,2021-01-13,7367,"college, tuition, spring2387",past_due,
Northeastern University,2021-01-08,2021-01-14,7368,"college, tuition, spring2388",past_due,
Northeastern University,2021-01-09,2021-01-15,7369,"college, tuition, spring2389",past_due,
Northeastern University,2021-01-10,2021-01-16,7370,"college, tuition, spring2390",past_due,
Northeastern University,2021-01-11,2021-01-17,7371,"college, tuition, spring2391",past_due,
Northeastern University,2021-01-12,2021-01-18,7372,"college, tuition, spring2392",past_due,
Northeastern University,2021-01-13,2021-01-19,7373,"college, tuition, spring2393",past_due,
Northeastern University,2021-01-14,2021-01-20,7374,"college, tuition, spring2394",past_due,
Northeastern University,2021-01-15,2021-01-21,7375,"college, tuition, spring2395",past_due,
Northeastern University,2021-01-16,2021-01-22,7376,"college, tuition, spring2396",past_due,
Northeastern University,2021-01-17,2021-01-23,7377,"college, tuition, spring2397",past_due,
Northeastern University,2021-01-18,2021-01-24,7378,"college, tuition, spring2398",past_due,
Northeastern University,2021-01-19,2021-01-25,7379,"college, tuition, spring2399",past_due,
Northeastern University,2021-01-20,2021-01-26,7380,"college, tuition, spring2400",past_due,
Northeastern University,2021-01-21,2021-01-27,7381,"college, tuition, spring2401",past_due,
Northeastern University,2021-01-22,2021-01-28,7382,"college, tuition, spring2402",past_due,
Northeastern University,2021-01-23,2021-01-29,7383,"college, tuition, spring2403",past_due,
Northeastern University,2021-01-24,2021-01-30,7384,"college, tuition, spring2404",past_due,
Northeastern University,2021-01-25,2021-01-31,7385,"college, tuition, spring2405",past_due,
Northeastern University,2021-01-26,2021-02-01,7386,"college, tuition, spring2406",past_due,
Northeastern University,2021-01-27,2021-02-02,7387,"college, tuition, spring2407",past_due,
Northeastern University,2021-01-28,2021-02-03,7388,"college, tuition, spring2408",past_due,
Northeastern University,2021-01-29,2021-02-04,7389,"college, tuition, spring2409",past_due,
Northeastern University,2021-01-30,2021-02-05,7390,"college, tuition, spring2410",past_due,
Northeastern University,2021-01-31,2021-02-06,7391,"college, tuition, spring2411",past_due,
Northeastern University,2021-02-01,2021-02-07,7392,"college, tuition, spring2412",past_due,
Northeastern University,2021-02-02,2021-02-08,7393,"college, tuition, spring2413",past_due,
Northeastern University,2021-02-03,2021-02-09,7394,"college, tuition, spring2414",past_due,
Northeastern University,2021-02-04,2021-02-10,7395,"college, tuition, spring2415",past_due,
Northeastern University,2021-02-05,2021-02-11,7396,"college, tuition, spring2416",past_due,
Northeastern University,2021-02-06,2021-02-12,7397,"college, tuition, spring2417",past_due,
Northeastern University,2021-02-07,2021-02-13,7398,"college, tuition, spring2418",past_due,
Northeastern University,2021-02-08,2021-02-14,7399,"college, tuition, spring2419",past_due,
Northeastern University,2021-02-09,2021-02-15,7400,"college, tuition, spring2420",past_due,
Northeastern University,2021-02-10,2021-02-16,7401,"college, tuition, spring2421",past_due,
Northeastern University,2021-02-11,2021-02-17,7402,"college, tuition, spring2422",past_due,
Northeastern University,2021-02-12,2021-02-18,7403,"college, tuition, spring2423",past_due,
Northeastern University,2021-02-13,2021-02-19,7404,"college, tuition, spring2424",past_due,
Northeastern University,2021-02-14,2021-02-20,7405,"college, tuition, spring2425",past_due,
Northeastern University,2021-02-15,2021-02-21,7406,"college, tuition, spring2426",past_due,
Northeastern University,2021-02-16,2021-02-22,7407,"college, tuition, spring2427",past_due,
Northeastern University,2021-02-17,2021-02-23,7408,"college, tuition, spring2428",past_due,
Northeastern University,2021-02-18,2021-02-24,7409,"college, tuition, spring2429",past_due,
Northeastern University,2021-02-19,2021-02-25,7410,"college, tuition, spring2430",past_due,
Northeastern University,2021-02-20,2021-02-26,7411,"college, tuition, spring2431",past_due,
Northeastern University,2021-02-21,2021-02-27,7412,"college, tuition, spring2432",past_due,
Northeastern University,2021-02-22,2021-02-28,7413,"college, tuition, spring2433",past_due,
Northeastern University,2021-02-23,2021-03-01,7414,"college, tuition, spring2434",past_due,
Northeastern University,2021-02-24,2021-03-02,7415,"college, tuition, spring2435",past_due,
Northeastern University,2021-02-25,2021-03-03,7416,"college, tuition, spring2436",past_due,
Northeastern University,2021-02-26,2021-03-04,7417,"college, tuition, spring2437",past_due,
Northeastern University,2021-02-27,2021-03-05,7418,"college, tuition, spring2438",past_due,
Northeastern University,2021-02-28,2021-03-06,7419,"college, tuition, spring2439",past_due,
Northeastern University,2021-03-01,2021-03-07,7420,"college, tuition, spring2440",past_due,
Northeastern University,2021-03-02,2021-03-08,7421,"college, tuition, spring2441",past_due,
Northeastern University,2021-03-03,2021-03-09,7422,"college, tuition, spring2442",past_due,
Northeastern University,2021-03-04,2021-03-10,7423,"college, tuition, spring2443",past_due,
Northeastern University,2021-03-05,2021-03-11,7424,"college, tuition, spring2444",past_due,
Northeastern University,2021-03-06,2021-03-12,7425,"college, tuition, spring2445",past_due,
Northeastern University,2021-03-07,2021-03-13,7426,"college, tuition, spring2446",past_due,
Northeastern University,2021-03-08,2021-03-14,7427,"college, tuition, spring2447",past_due,
Northeastern University,2021-03-09,2021-03-15,7428,"college, tuition, spring2448",past_due,
Northeastern University,2021-03-10,2021-03-16,7429,"college, tuition, spring2449",past_due,
Northeastern University,2021-03-11,2021-03-17,7430,"college, tuition, spring2450",past_due,
Northeastern University,2021-03-12,2021-03-18,7431,"college, tuition, spring2451",past_due,
Northeastern University,2021-03-13,2021-03-19,7432,"college, tuition, spring2452",past_due,
Northeastern University,2021-03-14,2021-03-20,7433,"college, tuition, spring2453",past_due,
Northeastern University,2021-03-15,2021-03-21,7434,"college, tuition, spring2454",no_payment_required,
Northeastern University,2021-03-16,2021-03-22,7435,"college, tuition, spring2455",no_payment_required,
Northeastern University,2021-03-17,2021-03-23,7436,"college, tuition, spring2456",no_payment_required,
Northeastern University,2021-03-18,2021-03-24,7437,"college, tuition, spring2457",no_payment_required,
Northeastern University,2021-03-19,2021-03-25,7438,"college, tuition, spring2458",no_payment_required,
Northeastern University,2021-03-20,2021-03-26,7439,"college, tuition, spring2459",no_payment_required,
Northeastern University,2021-03-21,2021-03-27,7440,"college, tuition, spring2460",no_payment_required,
Northeastern University,2021-03-22,2021-03-28,7441,"college, tuition, spring2461",no_payment_required,
Northeastern University,2021-03-23,2021-03-29,7442,"college, tuition, spring2462",no_payment_required,
Northeastern University,2021-03-24,2021-03-30,7443,"college, tuition, spring2463",no_payment_required,
Northeastern University,2021-03-25,2021-03-31,7444,"college, tuition, spring2464",no_payment_required,
Northeastern University,2021-03-26,2021-04-01,7445,"college, tuition, spring2465",no_payment_required,
Northeastern University,2021-03-27,2021-04-02,7446,"college, tuition, spring2466",no_payment_required,
Northeastern University,2021-03-28,2021-04-03,7447,"college, tuition, spring2467",no_payment_required,
Northeastern University,2021-03-29,2021-04-04,7448,"college, tuition, spring2468",no_payment_required,
Northeastern University,2021-03-30,2021-04-05,7449,"college, tuition, spring2469",no_payment_required,
Northeastern University,2021-03-31,2021-04-06,7450,"college, tuition, spring2470",no_payment_required,
Northeastern University,2021-04-01,2021-04-07,7451,"college, tuition, spring2471",no_payment_required,
Northeastern University,2021-04-02,2021-04-08,7452,"college, tuition, spring2472",no_payment_required,
Northeastern University,2021-04-03,2021-04-09,7453,"college, tuition, spring2473",no_payment_required,
Northeastern University,2021-04-04,2021-04-10,7454,"college, tuition, spring2474",no_payment_required,
Northeastern University,2021-04-05,2021-04-11,7455,"college, tuition, spring2475",no_payment_required,
Northeastern University,2021-04-06,2021-04-12,7456,"college, tuition, spring2476",no_payment_required,
Northeastern University,2021-04-07,2021-04-13,7457,"college, tuition, spring2477",no_payment_required,
Northeastern University,2021-04-08,2021-04-14,7458,"college, tuition, spring2478",no_payment_required,
Northeastern University,2021-04-09,2021-04-15,7459,"college, tuition, spring2479",no_payment_required,
Northeastern University,2021-04-10,2021-04-16,7460,"college, tuition, spring2480",no_payment_required,
Northeastern University,2021-04-11,2021-04-17,7461,"college, tuition, spring2481",no_payment_required,
Northeastern University,2021-04-12,2021-04-18,7462,"college, tuition, spring2482",no_payment_required,
Northeastern University,2021-04-13,2021-04-19,7463,"college, tuition, spring2483",no_payment_required,
Northeastern University,2021-04-14,2021-04-20,7464,"college, tuition, spring2484",no_payment_required,
Northeastern University,2021-04-15,2021-04-21,7465,"college, tuition, spring2485",no_payment_required,
Northeastern University,2021-04-16,2021-04-22,7466,"college, tuition, spring2486",no_payment_required,
Northeastern University,2021-04-17,2021-04-23,7467,"college, tuition, spring2487",no_payment_required,
Northeastern University,2021-04-18,2021-04-24,7468,"college, tuition, spring2488",no_payment_required,
Northeastern University,2021-04-19,2021-04-25,7469,"college, tuition, spring2489",no_payment_required,
Northeastern University,2021-04-20,2021-04-26,7470,"college, tuition, spring2490",no_payment_required,
Northeastern University,2021-04-21,2021-04-27,7471,"college, tuition, spring2491",no_payment_required,
Northeastern University,2021-04-22,2021-04-28,7472,"college, tuition, spring2492",no_payment_required,
Northeastern University,2021-04-23,2021-04-29,7473,"college, tuition, spring2493",no_payment_required,
Northeastern University,2021-04-24,2021-04-30,7474,"college, tuition, spring2494",no_payment_required,
Northeastern University,2021-04-25,2021-05-01,7475,"college, tuition, spring2495",no_payment_required,
Northeastern University,2021-04-26,2021-05-02,7476,"college, tuition, spring2496",no_payment_required,
Northeastern University,2021-04-27,2021-05-03,7477,"college, tuition, spring2497",no_payment_required,
Northeastern University,2021-04-28,2021-05-04,7478,"college, tuition, spring2498",no_payment_required,
Northeastern University,2021-04-29,2021-05-05,7479,"college, tuition, spring2499",no_payment_required,
Northeastern University,2021-04-30,2021-05-06,7480,"college, tuition, spring2500",no_payment_required,
Northeastern University,2021-05-01,2021-05-07,7481,"college, tuition, spring2501",no_payment_required,
Northeastern University,2021-05-02,2021-05-08,7482,"college, tuition, spring2502",no_payment_required,
Northeastern University,2021-05-03,2021-05-09,7483,"college, tuition, spring2503",no_payment_required,
Northeastern University,2021-05-04,2021-05-10,7484,"college, tuition, spring2504",no_payment_required,
Northeastern University,2021-05-05,2021-05-11,7485,"college, tuition, spring2505",no_payment_required,
Northeastern University,2021-05-06,2021-05-12,7486,"college, tuition, spring2506",no_payment_required,
Northeastern University,2021-05-07,2021-05-13,7487,"college, tuition, spring2507",no_payment_required,
Northeastern University,2021-05-08,2021-05-14,7488,"college, tuition, spring2508",no_payment_required,
Northeastern University,2021-05-09,2021-05-15,7489,"college, tuition, spring2509",no_payment_required,
Northeastern University,2021-05-10,2021-05-16,7490,"college, tuition, spring2510",no_payment_required,
Northeastern University,2021-05-11,2021-05-17,7491,"college, tuition, spring2511",no_payment_required,
Northeastern University,2021-05-12,2021-05-18,7492,"college, tuition, spring2512",no_payment_required,
Northeastern University,2021-05-13,2021-05-19,7493,"college, tuition, spring2513",no_payment_required,
Northeastern University,2021-05-14,2021-05-20,7494,"college, tuition, spring2514",no_payment_required,
Northeastern University,2021-05-15,2021-05-21,7495,"college, tuition, spring2515",no_payment_required,
Northeastern University,2021-05-16,2021-05-22,7496,"college, tuition, spring2516",no_payment_required,
Northeastern University,2021-05-17,2021-05-23,7497,"college, tuition, spring2517",no_payment_required,
Northeastern University,2021-05-18,2021-05-24,7498,"college, tuition, spring2518",no_payment_required,
Northeastern University,2021-05-19,2021-05-25,7499,"college, tuition, spring2519",no_payment_required,
Northeastern University,2021-05-20,2021-05-26,7500,"college, tuition, spring2520",no_payment_required,
Northeastern University,2021-05-21,2021-05-27,7501,"college, tuition, spring2521",no_payment_required,
Northeastern University,2021-05-22,2021-05-28,7502,"college, tuition, spring2522",no_payment_required,
Northeastern University,2021-05-23,2021-05-29,7503,"college, tuition, spring2523",no_payment_required,
Northeastern University,2021-05-24,2021-05-30,7504,"college, tuition, spring2524",no_payment_required,
Northeastern University,2021-05-25,2021-05-31,7505,"college, tuition, spring2525",no_payment_required,
Northeastern University,2021-05-26,2021-06-01,7506,"college, tuition, spring2526",no_payment_required,
Northeastern University,2021-05-27,2021-06-02,7507,"college, tuition, spring2527",no_payment_required,
Northeastern University,2021-05-28,2021-06-03,7508,"college, tuition, spring2528",no_payment_required,
Northeastern University,2021-05-29,2021-06-04,7509,"college, tuition, spring2529",no_payment_required,
Northeastern University,2021-05-30,2021-06-05,7510,"college, tuition, spring2530",no_payment_required,
Northeastern University,2021-05-31,2021-06-06,7511,"college, tuition, spring2531",no_payment_required,
Northeastern University,2021-06-01,2021-06-07,7512,"college, tuition, spring2532",no_payment_required,
Northeastern University,2021-06-02,2021-06-08,7513,"college, tuition, spring2533",no_payment_required,
Northeastern University,2021-06-03,2021-06-09,7514,"college, tuition, spring2534",no_payment_required,
Northeastern University,2021-06-04,2021-06-10,7515,"college, tuition, spring2535",no_payment_required,
Northeastern University,2021-06-05,2021-06-11,7516,"college, tuition, spring2536",no_payment_required,
Northeastern University,2021-06-06,2021-06-12,7517,"college, tuition, spring2537",no_payment_required,
Northeastern University,2021-06-07,2021-06-13,7518,"college, tuition, spring2538",no_payment_required,
Northeastern University,2021-06-08,2021-06-14,7519,"college, tuition, spring2539",no_payment_required,
Northeastern University,2021-06-09,2021-06-15,7520,"college, tuition, spring2540",no_payment_required,
Northeastern University,2021-06-10,2021-06-16,7521,"college, tuition, spring2541",no_payment_required,
Northeastern University,2021-06-11,2021-06-17,7522,"college, tuition, spring2542",no_payment_required,
Northeastern University,2021-06-12,2021-06-18,7523,"college, tuition, spring2543",no_payment_required,
Northeastern University,2021-06-13,2021-06-19,7524,"college, tuition, spring2544",no_payment_required,
Northeastern University,2021-06-14,2021-06-20,7525,"college, tuition, spring2545",no_payment_required,
Northeastern University,2021-06-15,2021-06-21,7526,"college, tuition, spring2546",no_payment_required,
Northeastern University,2021-06-16,2021-06-22,7527,"college, tuition, spring2547",no_payment_required,
Northeastern University,2021-06-17,2021-06-23,7528,"college, tuition, spring2548",no_payment_required,
Northeastern University,2021-06-18,2021-06-24,7529,"college, tuition, spring2549",no_payment_required,
Northeastern University,2021-06-19,2021-06-25,7530,"college, tuition, spring2550",no_payment_required,
Northeastern University,2021-06-20,2021-06-26,7531,"college, tuition, spring2551",no_payment_required,
Northeastern University,2021-06-21,2021-06-27,7532,"college, tuition, spring2552",no_payment_required,
Northeastern University,2021-06-22,2021-06-28,7533,"college, tuition, spring2553",no_payment_required,
Northeastern University,2021-06-23,2021-06-29,7534,"college, tuition, spring2554",no_payment_required,
Northeastern University,2021-06-24,2021-06-30,7535,"college, tuition, spring2555",no_payment_required,
Northeastern University,2021-06-25,2021-07-01,7536,"college, tuition, spring2556",no_payment_required,
Northeastern University,2021-06-26,2021-07-02,7537,"college, tuition, spring2557",no_payment_required,
Northeastern University,2021-06-27,2021-07-03,7538,"college, tuition, spring2558",no_payment_required,
Northeastern University,2021-06-28,2021-07-04,7539,"college, tuition, spring2559",no_payment_required,
Northeastern University,2021-06-29,2021-07-05,7540,"college, tuition, spring2560",no_payment_required,
Northeastern University,2021-06-30,2021-07-06,7541,"college, tuition, spring2561",no_payment_required,
Northeastern University,2021-07-01,2021-07-07,7542,"college, tuition, spring2562",no_payment_required,
Northeastern University,2021-07-02,2021-07-08,7543,"college, tuition, spring2563",no_payment_required,
Northeastern University,2021-07-03,2021-07-09,7544,"college, tuition, spring2564",no_payment_required,
Northeastern University,2021-07-04,2021-07-10,7545,"college, tuition, spring2565",no_payment_required,
Northeastern University,2021-07-05,2021-07-11,7546,"college, tuition, spring2566",no_payment_required,
Northeastern University,2021-07-06,2021-07-12,7547,"college, tuition, spring2567",no_payment_required,
Northeastern University,2021-07-07,2021-07-13,7548,"college, tuition, spring2568",no_payment_required,
Northeastern University,2021-07-08,2021-07-14,7549,"college, tuition, spring2569",no_payment_required,
Northeastern University,2021-07-09,2021-07-15,7550,"college, tuition, spring2570",no_payment_required,
Northeastern University,2021-07-10,2021-07-16,7551,"college, tuition, spring2571",no_payment_required,
Northeastern University,2021-07-11,2021-07-17,7552,"college, tuition, spring2572",no_payment_required,
Northeastern University,2021-07-12,2021-07-18,7553,"college, tuition, spring2573",no_payment_required,
Northeastern University,2021-07-13,2021-07-19,7554,"college, tuition, spring2574",no_payment_required,
Northeastern University,2021-07-14,2021-07-20,7555,"college, tuition, spring2575",no_payment_required,
Northeastern University,2021-07-15,2021-07-21,7556,"college, tuition, spring2576",no_payment_required,
Northeastern University,2021-07-16,2021-07-22,7557,"college, tuition, spring2577",no_payment_required,
Northeastern University,2021-07-17,2021-07-23,7558,"college, tuition, spring2578",no_payment_required,
Northeastern University,2021-07-18,2021-07-24,7559,"college, tuition, spring2579",no_payment_required,
Northeastern University,2021-07-19,2021-07-25,7560,"college, tuition, spring2580",no_payment_required,
Northeastern University,2021-07-20,2021-07-26,7561,"college, tuition, spring2581",no_payment_required,
Northeastern University,2021-07-21,2021-07-27,7562,"college, tuition, spring2582",no_payment_required,
Northeastern University,2021-07-22,2021-07-28,7563,"college, tuition, spring2583",no_payment_required,
Northeastern University,2021-07-23,2021-07-29,7564,"college, tuition, spring2584",no_payment_required,
Northeastern University,2021-07-24,2021-07-30,7565,"college, tuition, spring2585",no_payment_required,
Northeastern University,2021-07-25,2021-07-31,7566,"college, tuition, spring2586",no_payment_required,
Northeastern University,2021-07-26,2021-08-01,7567,"college, tuition, spring2587",no_payment_required,
Northeastern University,2021-07-27,2021-08-02,7568,"college, tuition, spring2588",no_payment_required,
Northeastern University,2021-07-28,2021-08-03,7569,"college, tuition, spring2589",no_payment_required,
Northeastern University,2021-07-29,2021-08-04,7570,"college, tuition, spring2590",no_payment_required,
Northeastern University,2021-07-30,2021-08-05,7571,"college, tuition, spring2591",no_payment_required,
Northeastern University,2021-07-31,2021-08-06,7572,"college, tuition, spring2592",no_payment_required,
Northeastern University,2021-08-01,2021-08-07,7573,"college, tuition, spring2593",no_payment_required,
Northeastern University,2021-08-02,2021-08-08,7574,"college, tuition, spring2594",no_payment_required,
Northeastern University,2021-08-03,2021-08-09,7575,"college, tuition, spring2595",no_payment_required,
Northeastern University,2021-08-04,2021-08-10,7576,"college, tuition, spring2596",no_payment_required,
Northeastern University,2021-08-05,2021-08-11,7577,"college, tuition, spring2597",no_payment_required,
Northeastern University,2021-08-06,2021-08-12,7578,"college, tuition, spring2598",no_payment_required,
Northeastern University,2021-08-07,2021-08-13,7579,"college, tuition, spring2599",no_payment_required,
Northeastern University,2021-08-08,2021-08-14,7580,"college, tuition, spring2600",no_payment_required,
Northeastern University,2021-08-09,2021-08-15,7581,"college, tuition, spring2601",no_payment_required,
Northeastern University,2021-08-10,2021-08-16,7582,"college, tuition, spring2602",no_payment_required,
Northeastern University,2021-08-11,2021-08-17,7583,"college, tuition, spring2603",no_payment_required,
Northeastern University,2021-08-12,2021-08-18,7584,"college, tuition, spring2604",no_payment_required,
Northeastern University,2021-08-13,2021-08-19,7585,"college, tuition, spring2605",no_payment_required,
Northeastern University,2021-08-14,2021-08-20,7586,"college, tuition, spring2606",no_payment_required,
Northeastern University,2021-08-15,2021-08-21,7587,"college, tuition, spring2607",no_payment_required,
Northeastern University,2021-08-16,2021-08-22,7588,"college, tuition, spring2608",no_payment_required,
Northeastern University,2021-08-17,2021-08-23,7589,"college, tuition, spring2609",no_payment_required,
Northeastern University,2021-08-18,2021-08-24,7590,"college, tuition, spring2610",no_payment_required,
Northeastern University,2021-08-19,2021-08-25,7591,"college, tuition, spring2611",no_payment_required,
Northeastern University,2021-08-20,2021-08-26,7592,"college, tuition, spring2612",no_payment_required,
Northeastern University,2021-08-21,2021-08-27,7593,"college, tuition, spring2613",no_payment_required,
Northeastern University,2021-08-22,2021-08-28,7594,"college, tuition, spring2614",no_payment_required,
Northeastern University,2021-08-23,2021-08-29,7595,"college, tuition, spring2615",no_payment_required,
Northeastern University,2021-08-24,2021-08-30,7596,"college, tuition, spring2616",no_payment_required,
Northeastern University,2021-08-25,2021-08-31,7597,"college, tuition, spring2617",no_payment_required,
Northeastern University,2021-08-26,2021-09-01,7598,"college, tuition, spring2618",no_payment_required,
Northeastern University,2021-08-27,2021-09-02,7599,"college, tuition, spring2619",no_payment_required,
Northeastern University,2021-08-28,2021-09-03,7600,"college, tuition, spring2620",no_payment_required,
Northeastern University,2021-08-29,2021-09-04,7601,"college, tuition, spring2621",no_payment_required,
Northeastern University,2021-08-30,2021-09-05,7602,"college, tuition, spring2622",no_payment_required,
Northeastern University,2021-08-31,2021-09-06,7603,"college, tuition, spring2623",no_payment_required,
Northeastern University,2021-09-01,2021-09-07,7604,"college, tuition, spring2624",no_payment_required,
Northeastern University,2021-09-02,2021-09-08,7605,"college, tuition, spring2625",no_payment_required,
Northeastern University,2021-09-03,2021-09-09,7606,"college, tuition, spring2626",no_payment_required,
Northeastern University,2021-09-04,2021-09-10,7607,"college, tuition, spring2627",no_payment_required,
Northeastern University,2021-09-05,2021-09-11,7608,"college, tuition, spring2628",no_payment_required,
Northeastern University,2021-09-06,2021-09-12,7609,"college, tuition, spring2629",no_payment_required,
Northeastern University,2021-09-07,2021-09-13,7610,"college, tuition, spring2630",no_payment_required,
Northeastern University,2021-09-08,2021-09-14,7611,"college, tuition, spring2631",no_payment_required,
Northeastern University,2021-09-09,2021-09-15,7612,"college, tuition, spring2632",no_payment_required,
Northeastern University,2021-09-10,2021-09-16,7613,"college, tuition, spring2633",no_payment_required,
Northeastern University,2021-09-11,2021-09-17,7614,"college, tuition, spring2634",no_payment_required,
Northeastern University,2021-09-12,2021-09-18,7615,"college, tuition, spring2635",no_payment_required,
Northeastern University,2021-09-13,2021-09-19,7616,"college, tuition, spring2636",no_payment_required,
Northeastern University,2021-09-14,2021-09-20,7617,"college, tuition, spring2637",no_payment_required,
Northeastern University,2021-09-15,2021-09-21,7618,"college, tuition, spring2638",no_payment_required,
Northeastern University,2021-09-16,2021-09-22,7619,"college, tuition, spring2639",paid,
Northeastern University,2021-09-17,2021-09-23,7620,"college, tuition, spring2640",paid,
Northeastern University,2021-09-18,2021-09-24,7621,"college, tuition, spring2641",paid,
Northeastern University,2021-09-19,2021-09-25,7622,"college, tuition, spring2642",paid,
Northeastern University,2021-09-20,2021-09-26,7623,"college, tuition, spring2643",paid,
Northeastern University,2021-09-21,2021-09-27,7624,"college, tuition, spring2644",paid,
Northeastern University,2021-09-22,2021-09-28,7625,"college, tuition, spring2645",paid,
Northeastern University,2021-09-23,2021-09-29,7626,"college, tuition, spring2646",paid,
Northeastern University,2021-09-24,2021-09-30,7627,"college, tuition, spring2647",paid,
Northeastern University,2021-09-25,2021-10-01,7628,"college, tuition, spring2648",paid,
Northeastern University,2021-09-26,2021-10-02,7629,"college, tuition, spring2649",paid,
Northeastern University,2021-09-27,2021-10-03,7630,"college, tuition, spring2650",paid,
Northeastern University,2021-09-28,2021-10-04,7631,"college, tuition, spring2651",paid,
Northeastern University,2021-09-29,2021-10-05,7632,"college, tuition, spring2652",paid,
Northeastern University,2021-09-30,2021-10-06,7633,"college, tuition, spring2653",paid,
Northeastern University,2021-10-01,2021-10-07,7634,"college, tuition, spring2654",paid,
Northeastern University,2021-10-02,2021-10-08,7635,"college, tuition, spring2655",paid,
Northeastern University,2021-10-03,2021-10-09,7636,"college, tuition, spring2656",paid,
Northeastern University,2021-10-04,2021-10-10,7637,"college, tuition, spring2657",paid,
Northeastern University,2021-10-05,2021-10-11,7638,"college, tuition, spring2658",paid,
Northeastern University,2021-10-06,2021-10-12,7639,"college, tuition, spring2659",paid,
Northeastern University,2021-10-07,2021-10-13,7640,"college, tuition, spring2660",paid,
Northeastern University,2021-10-08,2021-10-14,7641,"college, tuition, spring2661",paid,
Northeastern University,2021-10-09,2021-10-15,7642,"college, tuition, spring2662",paid,
Northeastern University,2021-10-10,2021-10-16,7643,"college, tuition, spring2663",paid,
Northeastern University,2021-10-11,2021-10-17,7644,"college, tuition, spring2664",paid,
Northeastern University,2021-10-12,2021-10-18,7645,"college, tuition, spring2665",paid,
Northeastern University,2021-10-13,2021-10-19,7646,"college, tuition, spring2666",paid,
Northeastern University,2021-10-14,2021-10-20,7647,"college, tuition, spring2667",paid,
Northeastern University,2021-10-15,2021-10-21,7648,"college, tuition, spring2668",paid,
Northeastern University,2021-10-16,2021-10-22,7649,"college, tuition, spring2669",paid,
Northeastern University,2021-10-17,2021-10-23,7650,"college, tuition, spring2670",paid,
Northeastern University,2021-10-18,2021-10-24,7651,"college, tuition, spring2671",paid,
Northeastern University,2021-10-19,2021-10-25,7652,"college, tuition, spring2672",paid,
Northeastern University,2021-10-20,2021-10-26,7653,"college, tuition, spring2673",paid,
Northeastern University,2021-10-21,2021-10-27,7654,"college, tuition, spring2674",paid,
Northeastern University,2021-10-22,2021-10-28,7655,"college, tuition, spring2675",paid,
Northeastern University,2021-10-23,2021-10-29,7656,"college, tuition, spring2676",paid,
Northeastern University,2021-10-24,2021-10-30,7657,"college, tuition, spring2677",paid,
Northeastern University,2021-10-25,2021-10-31,7658,"college, tuition, spring2678",paid,
Northeastern University,2021-10-26,2021-11-01,7659,"college, tuition, spring2679",paid,
Northeastern University,2021-10-27,2021-11-02,7660,"college, tuition, spring2680",paid,
Northeastern University,2021-10-28,2021-11-03,7661,"college, tuition, spring2681",paid,
Northeastern University,2021-10-29,2021-11-04,7662,"college, tuition, spring2682",paid,
Northeastern University,2021-10-30,2021-11-05,7663,"college, tuition, spring2683",paid,
Northeastern University,2021-10-31,2021-11-06,7664,"college, tuition, spring2684",paid,
Northeastern University,2021-11-01,2021-11-07,7665,"college, tuition, spring2685",paid,
Northeastern University,2021-11-02,2021-11-08,7666,"college, tuition, spring2686",paid,
Northeastern University,2021-11-03,2021-11-09,7667,"college, tuition, spring2687",paid,
Northeastern University,2021-11-04,2021-11-10,7668,"college, tuition, spring2688",paid,
Northeastern University,2021-11-05,2021-11-11,7669,"college, tuition, spring2689",paid,
Northeastern University,2021-11-06,2021-11-12,7670,"college, tuition, spring2690",paid,
Northeastern University,2021-11-07,2021-11-13,7671,"college, tuition, spring2691",paid,
Northeastern University,2021-11-08,2021-11-14,7672,"college, tuition, spring2692",paid,
Northeastern University,2021-11-09,2021-11-15,7673,"college, tuition, spring2693",paid,
Northeastern University,2021-11-10,2021-11-16,7674,"college, tuition, spring2694",paid,
Northeastern University,2021-11-11,2021-11-17,7675,"college, tuition, spring2695",paid,
Northeastern University,2021-11-12,2021-11-18,7676,"college, tuition, spring2696",paid,
Northeastern University,2021-11-13,2021-11-19,7677,"college, tuition, spring2697",paid,
Northeastern University,2021-11-14,2021-11-20,7678,"college, tuition, spring2698",paid,
Northeastern University,2021-11-15,2021-11-21,7679,"college, tuition, spring2699",paid,
Northeastern University,2021-11-16,2021-11-22,7680,"college, tuition, spring2700",paid,
Northeastern University,2021-11-17,2021-11-23,7681,"college, tuition, spring2701",paid,
Northeastern University,2021-11-18,2021-11-24,7682,"college, tuition, spring2702",paid,
Northeastern University,2021-11-19,2021-11-25,7683,"college, tuition, spring2703",paid,
Northeastern University,2021-11-20,2021-11-26,7684,"college, tuition, spring2704",paid,
Northeastern University,2021-11-21,2021-11-27,7685,"college, tuition, spring2705",paid,
Northeastern University,2021-11-22,2021-11-28,7686,"college, tuition, spring2706",paid,
Northeastern University,2021-11-23,2021-11-29,7687,"college, tuition, spring2707",paid,
Northeastern University,2021-11-24,2021-11-30,7688,"college, tuition, spring2708",paid,
Northeastern University,2021-11-25,2021-12-01,7689,"college, tuition, spring2709",paid,
Northeastern University,2021-11-26,2021-12-02,7690,"college, tuition, spring2710",paid,
Northeastern University,2021-11-27,2021-12-03,7691,"college, tuition, spring2711",paid,
Northeastern University,2021-11-28,2021-12-04,7692,"college, tuition, spring2712",paid,
Northeastern University,2021-11-29,2021-12-05,7693,"college, tuition, spring2713",paid,
Northeastern University,2021-11-30,2021-12-06,7694,"college, tuition, spring2714",paid,
Northeastern University,2021-12-01,2021-12-07,7695,"college, tuition, spring2715",paid,
Northeastern University,2021-12-02,2021-12-08,7696,"college, tuition, spring2716",paid,
Northeastern University,2021-12-03,2021-12-09,7697,"college, tuition, spring2717",paid,
Northeastern University,2021-12-04,2021-12-10,7698,"college, tuition, spring2718",paid,
Northeastern University,2021-12-05,2021-12-11,7699,"college, tuition, spring2719",paid,
Northeastern University,2021-12-06,2021-12-12,7700,"college, tuition, spring2720",paid,
Northeastern University,2021-12-07,2021-12-13,7701,"college, tuition, spring2721",paid,
Northeastern University,2021-12-08,2021-12-14,7702,"college, tuition, spring2722",paid,
Northeastern University,2021-12-09,2021-12-15,7703,"college, tuition, spring2723",paid,
Northeastern University,2021-12-10,2021-12-16,7704,"college, tuition, spring2724",paid,
Northeastern University,2021-12-11,2021-12-17,7705,"college, tuition, spring2725",paid,
Northeastern University,2021-12-12,2021-12-18,7706,"college, tuition, spring2726",paid,
Northeastern University,2021-12-13,2021-12-19,7707,"college, tuition, spring2727",paid,
Northeastern University,2021-12-14,2021-12-20,7708,"college, tuition, spring2728",paid,
Northeastern University,2021-12-15,2021-12-21,7709,"college, tuition, spring2729",paid,
Northeastern University,2021-12-16,2021-12-22,7710,"college, tuition, spring2730",paid,
Northeastern University,2021-12-17,2021-12-23,7711,"college, tuition, spring2731",paid,
Northeastern University,2021-12-18,2021-12-24,7712,"college, tuition, spring2732",paid,
Northeastern University,2021-12-19,2021-12-25,7713,"college, tuition, spring2733",paid,
Northeastern University,2021-12-20,2021-12-26,7714,"college, tuition, spring2734",paid,
Northeastern University,2021-12-21,2021-12-27,7715,"college, tuition, spring2735",paid,
Northeastern University,2021-12-22,2021-12-28,7716,"college, tuition, spring2736",paid,
Northeastern University,2021-12-23,2021-12-29,7717,"college, tuition, spring2737",paid,
Northeastern University,2021-12-24,2021-12-30,7718,"college, tuition, spring2738",paid,
Northeastern University,2021-12-25,2021-12-31,7719,"college, tuition, spring2739",paid,
Northeastern University,2021-12-26,2022-01-01,7720,"college, tuition, spring2740",paid,
Northeastern University,2021-12-27,2022-01-02,7721,"college, tuition, spring2741",paid,
Northeastern University,2021-12-28,2022-01-03,7722,"college, tuition, spring2742",paid,
Northeastern University,2021-12-29,2022-01-04,7723,"college, tuition, spring2743",paid,
Northeastern University,2021-12-30,2022-01-05,7724,"college, tuition, spring2744",paid,
Northeastern University,2021-12-31,2022-01-06,7725,"college, tuition, spring2745",paid,
Northeastern University,2022-01-01,2022-01-07,7726,"college, tuition, spring2746",paid,
Northeastern University,2022-01-02,2022-01-08,7727,"college, tuition, spring2747",paid,
Northeastern University,2022-01-03,2022-01-09,7728,"college, tuition, spring2748",paid,
Northeastern University,2022-01-04,2022-01-10,7729,"college, tuition, spring2749",paid,
Northeastern University,2022-01-05,2022-01-11,7730,"college, tuition, spring2750",paid,
Northeastern University,2022-01-06,2022-01-12,7731,"college, tuition, spring2751",paid,
Northeastern University,2022-01-07,2022-01-13,7732,"college, tuition, spring2752",paid,
Northeastern University,2022-01-08,2022-01-14,7733,"college, tuition, spring2753",paid,
Northeastern University,2022-01-09,2022-01-15,7734,"college, tuition, spring2754",paid,
Northeastern University,2022-01-10,2022-01-16,7735,"college, tuition, spring2755",paid,
Northeastern University,2022-01-11,2022-01-17,7736,"college, tuition, spring2756",paid,
Northeastern University,2022-01-12,2022-01-18,7737,"college, tuition, spring2757",paid,
Northeastern University,2022-01-13,2022-01-19,7738,"college, tuition, spring2758",paid,
Northeastern University,2022-01-14,2022-01-20,7739,"college, tuition, spring2759",paid,
Northeastern University,2022-01-15,2022-01-21,7740,"college, tuition, spring2760",paid,
Northeastern University,2022-01-16,2022-01-22,7741,"college, tuition, spring2761",paid,
Northeastern University,2022-01-17,2022-01-23,7742,"college, tuition, spring2762",paid,
Northeastern University,2022-01-18,2022-01-24,7743,"college, tuition, spring2763",paid,
Northeastern University,2022-01-19,2022-01-25,7744,"college, tuition, spring2764",paid,
Northeastern University,2022-01-20,2022-01-26,7745,"college, tuition, spring2765",paid,
Northeastern University,2022-01-21,2022-01-27,7746,"college, tuition, spring2766",paid,
Northeastern University,2022-01-22,2022-01-28,7747,"college, tuition, spring2767",paid,
Northeastern University,2022-01-23,2022-01-29,7748,"college, tuition, spring2768",paid,
Northeastern University,2022-01-24,2022-01-30,7749,"college, tuition, spring2769",paid,
Northeastern University,2022-01-25,2022-01-31,7750,"college, tuition, spring2770",paid,
Northeastern University,2022-01-26,2022-02-01,7751,"college, tuition, spring2771",paid,
Northeastern University,2022-01-27,2022-02-02,7752,"college, tuition, spring2772",paid,
Northeastern University,2022-01-28,2022-02-03,7753,"college, tuition, spring2773",paid,
Northeastern University,2022-01-29,2022-02-04,7754,"college, tuition, spring2774",paid,
Northeastern University,2022-01-30,2022-02-05,7755,"college, tuition, spring2775",paid,
Northeastern University,2022-01-31,2022-02-06,7756,"college, tuition, spring2776",paid,
Northeastern University,2022-02-01,2022-02-07,7757,"college, tuition, spring2777",paid,
Northeastern University,2022-02-02,2022-02-08,7758,"college, tuition, spring2778",paid,
Northeastern University,2022-02-03,2022-02-09,7759,"college, tuition, spring2779",paid,
Northeastern University,2022-02-04,2022-02-10,7760,"college, tuition, spring2780",paid,
Northeastern University,2022-02-05,2022-02-11,7761,"college, tuition, spring2781",paid,
Northeastern University,2022-02-06,2022-02-12,7762,"college, tuition, spring2782",paid,
Northeastern University,2022-02-07,2022-02-13,7763,"college, tuition, spring2783",paid,
Northeastern University,2022-02-08,2022-02-14,7764,"college, tuition, spring2784",paid,
Northeastern University,2022-02-09,2022-02-15,7765,"college, tuition, spring2785",paid,
Northeastern University,2022-02-10,2022-02-16,7766,"college, tuition, spring2786",paid,
Northeastern University,2022-02-11,2022-02-17,7767,"college, tuition, spring2787",paid,
Northeastern University,2022-02-12,2022-02-18,7768,"college, tuition, spring2788",paid,
Northeastern University,2022-02-13,2022-02-19,7769,"college, tuition, spring2789",paid,
Northeastern University,2022-02-14,2022-02-20,7770,"college, tuition, spring2790",paid,
Northeastern University,2022-02-15,2022-02-21,7771,"college, tuition, spring2791",paid,
Northeastern University,2022-02-16,2022-02-22,7772,"college, tuition, spring2792",paid,
Northeastern University,2022-02-17,2022-02-23,7773,"college, tuition, spring2793",paid,
Northeastern University,2022-02-18,2022-02-24,7774,"college, tuition, spring2794",paid,
Northeastern University,2022-02-19,2022-02-25,7775,"college, tuition, spring2795",paid,
Northeastern University,2022-02-20,2022-02-26,7776,"college, tuition, spring2796",paid,
Northeastern University,2022-02-21,2022-02-27,7777,"college, tuition, spring2797",paid,
Northeastern University,2022-02-22,2022-02-28,7778,"college, tuition, spring2798",paid,
Northeastern University,2022-02-23,2022-03-01,7779,"college, tuition, spring2799",paid,
Northeastern University,2022-02-24,2022-03-02,7780,"college, tuition, spring2800",paid,
Northeastern University,2022-02-25,2022-03-03,7781,"college, tuition, spring2801",paid,
Northeastern University,2022-02-26,2022-03-04,7782,"college, tuition, spring2802",paid,
Northeastern University,2022-02-27,2022-03-05,7783,"college, tuition, spring2803",paid,
Northeastern University,2022-02-28,2022-03-06,7784,"college, tuition, spring2804",paid,
Northeastern University,2022-03-01,2022-03-07,7785,"college, tuition, spring2805",paid,
Northeastern University,2022-03-02,2022-03-08,7786,"college, tuition, spring2806",paid,
Northeastern University,2022-03-03,2022-03-09,7787,"college, tuition, spring2807",paid,
Northeastern University,2022-03-04,2022-03-10,7788,"college, tuition, spring2808",paid,
Northeastern University,2022-03-05,2022-03-11,7789,"college, tuition, spring2809",paid,
Northeastern University,2022-03-06,2022-03-12,7790,"college, tuition, spring2810",paid,
Northeastern University,2022-03-07,2022-03-13,7791,"college, tuition, spring2811",paid,
Northeastern University,2022-03-08,2022-03-14,7792,"college, tuition, spring2812",paid,
Northeastern University,2022-03-09,2022-03-15,7793,"college, tuition, spring2813",paid,
Northeastern University,2022-03-10,2022-03-16,7794,"college, tuition, spring2814",paid,
Northeastern University,2022-03-11,2022-03-17,7795,"college, tuition, spring2815",paid,
Northeastern University,2022-03-12,2022-03-18,7796,"college, tuition, spring2816",paid,
Northeastern University,2022-03-13,2022-03-19,7797,"college, tuition, spring2817",paid,
Northeastern University,2022-03-14,2022-03-20,7798,"college, tuition, spring2818",paid,